CREATE DATABASE QLTDNH;
USE QLTDNH;

CREATE TABLE QUYEN
(
	MaQuyen	char(5) not null,
	TenQuyen	nvarchar(50)
)

CREATE TABLE PHONGBAN
(
	MaPhongBan	Char(5)NOT NULL,
	TenPhongBan	Nvarchar(50)
)

CREATE TABLE NHANVIEN
(
	MaNV	Char(10)not null,
	HoTenNV	Nvarchar(250),
	GioiTinh	nvarchar(5),
	NgaySinh	datetime,
	DiaChi	Nvarchar(250),
	MaPhongBan	Char(5) not null,
	MaChucVu	Char(5) not null,
	GhiChu	Nvarchar(200)
)
GO
---TRIGER ( NAM OR NU BANG NHANVIEN )---
CREATE TRIGGER trgnhanvien 
ON NHANVIEN  
FOR INSERT, UPDATE 
AS 
BEGIN 
    DECLARE @gt nvarchar(1) 
    DECLARE @MaNV char(10) 
    SELECT @gt= GioiTinh, @MaNV= MaNV FROM Inserted 
    IF @gt= '0'  
        UPDATE NHANVIEN SET GioiTinh= N'NAM' WHERE MaNV= @MaNv     
    ELSE 
        IF @gt= '1'  
            UPDATE NHANVIEN SET GioiTinh= N'NỮ' WHERE MaNV= @MaNV     
        ELSE 
        BEGIN 
            PRINT'Nhap 0 hoac 1 cho truong gioi tinh' 
            ROLLBACK TRANSACTION 
        END 
END
GO
CREATE TABLE DANGNHAP
(
	Username	Nvarchar(50) not null,
	Password	Nvarchar(50),
	MaQuyen	Char(5) not null,
	MaNV	Char(10) not null,
)
GO
CREATE TABLE LOAIVAY
(
	MaLoaiVay	Char(5)not null,
	TenLoaiVay	Nvarchar(250)
)
GO
CREATE TABLE KIEUTRA
(
	MaKieuTra	Char(5)not null,
	TenKieuTra	Nvarchar(250)
)
GO
CREATE TABLE CHUONGTRINH
(
	MaChuongTrinh	Char(5)not null,
	TenChuongTrinh	Nvarchar(250)
)
GO
CREATE TABLE MUCDICHVAY
(
	MaMucDichVay	Char(5)not null,
	TenMucDichVay	Nvarchar(250)
)
GO
CREATE TABLE HINHTHUCBAODAM
(
	MaHTBaoDam	Char(5)not null,
	TenHTBaoDam	Nvarchar(250)
)
GO
CREATE TABLE THOIHANVAY
(
	MaThoiHanVay	Char(5)not null,
	TenThoiHanVay	Nvarchar(250)
)
GO
CREATE TABLE HINHTHUCVAY
(
	MaHTVay	Char(5)not null,
	TenHTVay	Nvarchar(250)
)
GO
CREATE TABLE LOAICHUNGTU
(
	MaLoaiChungTu	Char(5)not null,
	TenLoaiChungTu	Nvarchar(50)
)
GO
CREATE TABLE CHUCVU
(
	MaChucVu	Char(5)NOT NULL,
	TenChucVu	Nvarchar(50)
)
GO
CREATE TABLE LAISUAT
(
	MaLaiSuat	Char(5)NOT NULL,
	LaiSuat	Float,
	LaiSuatQuaHan	Float,
	LaiSuatTren	Char(10),
	TenLoaiLS	Nvarchar(100)
)
GO
-- CÁ NHÂN --
CREATE TABLE KHACHHANG_CN
(
	MaKHCN	Char(10)NOT NULL,
	MaNV	Char(10) not null,
	HoTenDT	NVarchar(250),
	GioiTinhCN	nvarchar(5),
	NgaySinh	datetime,
	CMND	Char(10),
	NgayCap	datetime,
	NoiCap	Nvarchar(250),
	DiaChi	Nvarchar(250),
	Tinh	Char(20),
	DanToc	Char(20),
)
GO
---TRIGER ( NAM OR NU BANG KHACHHANGCN )---
CREATE TRIGGER trgkhachhang 
ON KHACHHANG_CN 
FOR INSERT, UPDATE 
AS 
BEGIN 
    DECLARE @gt nvarchar(1) 
    DECLARE @MaKHCN char(10) 
    SELECT @gt= GioiTinhCN, @MaKHCN= MaKHCN FROM Inserted 
    IF @gt= '0'  
        UPDATE KHACHHANG_CN SET GioiTinhCN= N'NAM' WHERE MaKHCN= @MaKHCN     
    ELSE 
        IF @gt= '1' 
            UPDATE KHACHHANG_CN SET GioiTinhCN= N'NỮ' WHERE MaKHCN= @MaKHCN     
        ELSE 
        BEGIN 
            PRINT'Nhap 0 hoac 1 cho truong gioi tinh' 
            ROLLBACK TRANSACTION 
        END 
END
GO
CREATE TABLE KHEUOCKHACHHANG_CN
(
	MaSoKUCN	Nvarchar(15)NOT NULL,
	MaKHCN	char(10) not null,
	MaLoaiVay	Char(5) not null,
	MaKieuTra	Char(5) not null,
	MaChuongTrinh	Char(5) not null,
	NhuCau	Money,
	NgayDuyet	datetime,
	MucDuyet	Money,
	SoTienConLai	Money,
	NgayVay	datetime,
	MaLaiSuat	Char(5) not null,
	MaMucDichVay	Char(5) not null,
	MaHTBaoDam	Char(5) not null,
	MaThoiHanVay	Char(5) not null,
	MaNV	Char(10) not null,
	MaHTVay	Char(5) not null,
	TraNoGocDinhKy	Int,
)
GO
CREATE TABLE THUNO_CN
(
	SoButToanCN	Char(5)NOT NULL,
	NgayTN	datetime,
	MaSoKUCN	Nvarchar(15) not null,
	SoTienThu	Money,
	MaLoaiChungTu	Char(5),
)
GO
CREATE trigger CAPNHATNO
ON THUNO_CN
FOR Insert, Update
AS
BEGIN
	DECLARE @MaSoKUCN nvarchar(15)
	DECLARE @SoTienThu money
	SELECT  @MaSoKUCN= MaSoKUCN from inserted
	SELECT @SoTienThu= SoTienThu from inserted
	UPDATE KHEUOCKHACHHANG_CN SET SoTienConlai= Sotienconlai-@Sotienthu where KHEUOCKHACHHANG_CN.MaSoKUCN=@MaSoKUCN
END
GO
CREATE TABLE THULAI_CN
(
	SoButToanCN	Char(5)NOT NULL,
	NgayTL	datetime,
	MaSoKUCN	Nvarchar(15) not null,
	SoTienGoc	Money,
	SoTienLaiTH	Money,
	SoTienLaiQH	Money,
	MaLoaiChungTu	Char(5),
)

-- DOANH NGHIỆP --
GO
CREATE TABLE KHACHHANG_DN
(
	MaKHDN	Char(10)NOT NULL,
	MaNV	Char(10) not null,
	HoTenDN	NVarchar(250),
	DiaChi	Nvarchar(250),
	Tinh	Char(20),
)
GO
CREATE TABLE KHEUOCKHACHHANG_DN
(
	MaSoKUDN	Nvarchar(15)NOT NULL,
	MaKHDN	char(10) not null,
	MaLoaiVay	Char(5) not null,
	MaKieuTra	Char(5) not null,
	MaChuongTrinh	Char(5) not null,
	NhuCau	Money,
	NgayDuyet	datetime,
	MucDuyet	Money,
	SoTienConLai	Money,
	NgayVay	datetime,
	MaLaiSuat	Char(5) not null,
	MaMucDichVay	Char(5) not null,
	MaHTBaoDam	Char(5) not null,
	MaThoiHanVay	Char(5) not null,
	MaNV	Char(10),
	MaHTVay	Char(5),
	TraNoGocDinhKy	Int,
)
GO
CREATE TABLE THUNO_DN
(
	SoButToanDN	Char(5)NOT NULL,
	NgayTN	datetime,
	MaSoKUDN	Nvarchar(15) not null,
	SoTienThu	Money,
	MaLoaiChungTu	Char(5),
)
GO
CREATE trigger CAPNHATNODN
ON THUNO_DN
FOR Insert, Update
AS
BEGIN
	DECLARE @MaSoKUDN nvarchar(15)
	DECLARE @SoTienThu money
	SELECT  @MaSoKUDN= MaSoKUDN from inserted
	SELECT @SoTienThu= SoTienThu from inserted
	UPDATE KHEUOCKHACHHANG_DN SET SoTienConlai= Sotienconlai-@Sotienthu where KHEUOCKHACHHANG_DN.MaSoKUDN=@MaSoKUDN
END
GO
CREATE TABLE THULAI_DN
(
	SoButToanDN	Char(5)NOT NULL,
	NgayTL	datetime,
	MaSoKUDN	Nvarchar(15) not null,
	SoTienGoc	Money,
	SoTienLaiTH	Money,
	SoTienLaiQH	Money,
	MaLoaiChungTu	Char(5),
)

---KHOA---
ALTER TABLE QUYEN ADD CONSTRAINT PK_QUYEN PRIMARY KEY(MaQuyen)
ALTER TABLE DANGNHAP ADD CONSTRAINT PK_DANGNHAP PRIMARY KEY (Username)
ALTER TABLE DANGNHAP ADD CONSTRAINT FK1_DANGNHAP FOREIGN KEY (MaQuyen) REFERENCES QUYEN(Maquyen)
ALTER TABLE NHANVIEN ADD CONSTRAINT PK_NHANVIEN PRIMARY KEY (MaNV)
ALTER TABLE DANGNHAP  WITH CHECK ADD  CONSTRAINT FK_DANGNHAP_NHANVIEN FOREIGN KEY(MaNV) REFERENCES NHANVIEN (MaNV)
ALTER TABLE LOAIVAY ADD CONSTRAINT PK_LOAIVAY PRIMARY KEY(MaLoaiVay)
ALTER TABLE KIEUTRA ADD CONSTRAINT PK_KIEUTRA PRIMARY KEY (MaKieuTra)
ALTER TABLE CHUONGTRINH ADD CONSTRAINT PK_CHUONGTRINH PRIMARY KEY (MaChuongTrinh)
ALTER TABLE MUCDICHVAY ADD CONSTRAINT PK_MUCDICHVAY PRIMARY KEY (MaMucDichVay)
ALTER TABLE HINHTHUCBAODAM ADD CONSTRAINT PK_HINHTHUCBAODAM PRIMARY KEY (MaHTBaoDam)
ALTER TABLE THOIHANVAY ADD CONSTRAINT PK_THOIHANVAY PRIMARY KEY (MaThoiHanVay)
ALTER TABLE HINHTHUCVAY ADD CONSTRAINT PK_HINHTHUCVAY PRIMARY KEY (MaHTVay)
ALTER TABLE LOAICHUNGTU ADD CONSTRAINT PK_LOAICHUNGTU PRIMARY KEY (MaLoaiChungTu)
ALTER TABLE CHUCVU ADD CONSTRAINT PK_CHUCVU PRIMARY KEY (MaChucVu)
ALTER TABLE PHONGBAN ADD CONSTRAINT PK_PHONGBAN PRIMARY KEY(MaPhongBan)
ALTER TABLE NHANVIEN ADD CONSTRAINT FK1_NHANVIEN FOREIGN KEY (MaPhongBan)REFERENCES PHONGBAN(MaPhongBan)
ALTER TABLE NHANVIEN ADD CONSTRAINT FK2_NHANVIEN FOREIGN KEY (MaChucVu) REFERENCES CHUCVU(MaChucVu)
ALTER TABLE LAISUAT ADD CONSTRAINT PK_LAISUAT PRIMARY KEY (MaLaiSuat)
ALTER TABLE KHACHHANG_CN ADD CONSTRAINT PK_KHACHHANG_CN PRIMARY KEY (MaKHCN)
ALTER TABLE KHACHHANG_CN ADD CONSTRAINT FK1_KHACHHANG_CN FOREIGN KEY(MaNV) REFERENCES NHANVIEN(MaNV)
ALTER TABLE KHEUOCKHACHHANG_CN ADD CONSTRAINT PK1_KHEUOCKHACHHANG_CN PRIMARY KEY (MaSoKUCN)
ALTER TABLE KHEUOCKHACHHANG_CN ADD CONSTRAINT FK2_KHEUOCKHACHHANG_CN FOREIGN KEY (MaKHCN) REFERENCES KHACHHANG_CN(MaKHCN)
ALTER TABLE KHEUOCKHACHHANG_CN ADD CONSTRAINT FK3_KHEUOCKHACHHANG_CN FOREIGN KEY (MaLoaiVay) REFERENCES LOAIVAY(MaLoaiVay)
ALTER TABLE KHEUOCKHACHHANG_CN ADD CONSTRAINT FK5_KHEUOCKHACHHANG_CN FOREIGN KEY (MaKieuTra) REFERENCES KIEUTRA(MaKieuTra)
ALTER TABLE KHEUOCKHACHHANG_CN ADD CONSTRAINT FK6_KHEUOCKHACHHANG_CN FOREIGN KEY (MaLaiSuat) REFERENCES LAISUAT(MaLaiSuat)
ALTER TABLE KHEUOCKHACHHANG_CN ADD CONSTRAINT FK7_KHEUOCKHACHHANG_CN FOREIGN KEY (MaMucDichVay) REFERENCES MUCDICHVAY(MaMucDichVay)
ALTER TABLE KHEUOCKHACHHANG_CN ADD CONSTRAINT FK8_KHEUOCKHACHHANG_CN FOREIGN KEY (MaHTBaoDam) REFERENCES HINHTHUCBAODAM(MaHTBaoDam)
ALTER TABLE KHEUOCKHACHHANG_CN ADD CONSTRAINT FK9_KHEUOCKHACHHANG_CN FOREIGN KEY (MaThoiHanVay) REFERENCES THOIHANVAY(MaThoiHanVay)
ALTER TABLE KHEUOCKHACHHANG_CN ADD CONSTRAINT FK10_KHEUOCKHACHHANG_CN FOREIGN KEY (MaNV) REFERENCES NHANVIEN(MaNV)
ALTER TABLE KHEUOCKHACHHANG_CN ADD CONSTRAINT FK11_KHEUOCKHACHHANG_CN FOREIGN KEY (MaHTVay) REFERENCES HINHTHUCVAY(MaHTVay)
ALTER TABLE THUNO_CN ADD CONSTRAINT PK_THUNO_CN PRIMARY KEY (SoButToanCN)
ALTER TABLE THUNO_CN ADD CONSTRAINT FK1_THUNO_CN FOREIGN KEY (MaSoKUCN) REFERENCES KHEUOCKHACHHANG_CN(MaSoKUCN)
ALTER TABLE THUNO_CN ADD CONSTRAINT FK2_THUNO_CN FOREIGN KEY (MaLoaiChungTu) REFERENCES LOAICHUNGTU(MaLoaiChungTu)
ALTER TABLE THULAI_CN ADD CONSTRAINT PK_THULAI_CN PRIMARY KEY (SoButToanCN)
ALTER TABLE THULAI_CN ADD CONSTRAINT FK1_THULAI_CN FOREIGN KEY (MaSoKUCN) REFERENCES KHEUOCKHACHHANG_CN(MaSoKUCN)
ALTER TABLE THULAI_CN ADD CONSTRAINT FK2_THULAI_CN FOREIGN KEY (MaLoaiChungTu) REFERENCES LOAICHUNGTU(MaLoaiChungTu)
ALTER TABLE KHACHHANG_DN ADD CONSTRAINT PK_KHACHHANG_DN PRIMARY KEY (MaKHDN)
ALTER TABLE KHACHHANG_DN ADD CONSTRAINT FK1_KHACHHANG_DN FOREIGN KEY (MaNV) REFERENCES NHANVIEN(MaNV)
ALTER TABLE KHEUOCKHACHHANG_DN ADD CONSTRAINT PK_KHEUOCKHACHHANG_DN PRIMARY KEY(MaSoKUDN)
ALTER TABLE KHEUOCKHACHHANG_DN ADD CONSTRAINT FK1_KHEUOCKHACHHANG_DN FOREIGN KEY (MaKHDN) REFERENCES KHACHHANG_DN(MaKHDN)
ALTER TABLE KHEUOCKHACHHANG_DN ADD CONSTRAINT FK2_KHEUOCKHACHHANG_DN FOREIGN KEY (MaLoaiVay) REFERENCES LOAIVAY(MaLoaiVay)
ALTER TABLE KHEUOCKHACHHANG_DN ADD CONSTRAINT FK4_KHEUOCKHACHHANG_DN FOREIGN KEY (MaKieuTra) REFERENCES KIEUTRA(MaKieuTra)
ALTER TABLE KHEUOCKHACHHANG_DN ADD CONSTRAINT FK5_KHEUOCKHACHHANG_DN FOREIGN KEY (MaChuongTrinh) REFERENCES CHUONGTRINH(MaChuongTrinh)
ALTER TABLE KHEUOCKHACHHANG_DN ADD CONSTRAINT FK6_KHEUOCKHACHHANG_DN FOREIGN KEY (MaLaiSuat) REFERENCES LAISUAT(MaLaiSuat)
ALTER TABLE KHEUOCKHACHHANG_DN ADD CONSTRAINT FK7_KHEUOCKHACHHANG_DN FOREIGN KEY (MaMucDichVay) REFERENCES MUCDICHVAY(MaMucDichVay)
ALTER TABLE KHEUOCKHACHHANG_DN ADD CONSTRAINT FK8_KHEUOCKHACHHANG_DN FOREIGN KEY (MaHTBaoDam) REFERENCES HINHTHUCBAODAM(MaHTBaoDam)
ALTER TABLE KHEUOCKHACHHANG_DN ADD CONSTRAINT FK9_KHEUOCKHACHHANG_DN FOREIGN KEY (MaThoiHanVay) REFERENCES THOIHANVAY(MaThoiHanVay)
ALTER TABLE KHEUOCKHACHHANG_DN ADD CONSTRAINT FK10_KHEUOCKHACHHANG_DN FOREIGN KEY (MaNV) REFERENCES NHANVIEN(MaNV)
ALTER TABLE KHEUOCKHACHHANG_DN ADD CONSTRAINT FK11_KHEUOCKHACHHANG_DN FOREIGN KEY (MaHTVay) REFERENCES HINHTHUCVAY(MaHTVay)
ALTER TABLE THUNO_DN ADD CONSTRAINT PK_THUNO_DN PRIMARY KEY (SoButToanDN)
ALTER TABLE THUNO_DN ADD CONSTRAINT FK1_THUNO_DN FOREIGN KEY (MaSoKUDN) REFERENCES KHEUOCKHACHHANG_DN(MaSoKUDN)
ALTER TABLE THUNO_DN ADD CONSTRAINT FK2_THUNO_DN FOREIGN KEY (MaLoaiChungTu) REFERENCES LOAICHUNGTU(MaLoaiChungTu)
ALTER TABLE THULAI_DN ADD CONSTRAINT PK_THULAI_DN PRIMARY KEY (SoButToanDN)
ALTER TABLE THULAI_DN ADD CONSTRAINT FK1_THULAI_DN FOREIGN KEY (MaSoKUDN) REFERENCES KHEUOCKHACHHANG_DN(MaSoKUDN)
ALTER TABLE THULAI_DN ADD CONSTRAINT FK2_THULAI_DN FOREIGN KEY (MaLoaiChungTu) REFERENCES LOAICHUNGTU(MaLoaiChungTu)
set dateformat dmy
---------------------NHAP DU LIEU-----------------------------
--QUYEN TRUY CAP---
INSERT INTO QUYEN VALUES ('QTC01',N'admin');
INSERT INTO QUYEN VALUES('QTC02',N'user');

---LOAIVAY---
INSERT INTO LOAIVAY VALUES('LV01',N'CV ngắn hạn ưu đãi hộ nghèo')
INSERT INTO LOAIVAY VALUES('LV02',N'CV trung hạn, dài hạn ưu đãi hộ nghèo')
INSERT INTO LOAIVAY VALUES('LV03',N'CV ngắn hạn Hội Phụ Nữ')
INSERT INTO LOAIVAY VALUES('LV04',N'CV trung, dài hạn Hội Phụ Nữ')
INSERT INTO LOAIVAY VALUES('LV05',N'CV ngắn hạn Hội chiến binh')
INSERT INTO LOAIVAY VALUES('LV06',N'CV trung, dài hạn Hội chiến binh')
INSERT INTO LOAIVAY VALUES('LV07',N'CV trung, dài hạn Hội sinh viên')
INSERT INTO LOAIVAY VALUES('LV08',N'CV trung, dài hạn xuất khẩu lao động')
INSERT INTO LOAIVAY VALUES('LV09',N'CV giải quyết việc làm')
INSERT INTO LOAIVAY VALUES('LV10',N'CV ngắn hạn xuất khẩu lao động')
INSERT INTO LOAIVAY VALUES('LV11',N'CV mua nhà trả chậm')

---KIEU TRA---
INSERT INTO KIEUTRA VALUES('KT001',N'Trả góp')
INSERT INTO KIEUTRA VALUES('KT002',N'Tích số khế ước(theo tháng 30 ngày)')
INSERT INTO KIEUTRA VALUES('KT003',N'Trả món(Theo tháng 30 ngày)')
---CHUONG TRINH---
INSERT INTO CHUONGTRINH VALUES('CT001',N'Cho vay ưu đãi hộ nghèo')
INSERT INTO CHUONGTRINH VALUES('CT002',N'Cho vay HSSV có hoàn cảnh khó khăn')
INSERT INTO CHUONGTRINH VALUES('CT003',N'Cho vay giải quyết việc làm')
INSERT INTO CHUONGTRINH VALUES('CT004',N'Cho vay vùng nghèo')
INSERT INTO CHUONGTRINH VALUES('CT005',N'Cho vay mua nhà trả chậm')
INSERT INTO CHUONGTRINH VALUES('CT006',N'Cho vay vốn bổ xung kinh doanh trả góp');
INSERT INTO CHUONGTRINH VALUES('CT007',N'Cho vay nộp thuế thu nh?p doanh nghiệp');
INSERT INTO CHUONGTRINH VALUES('CT008',N'Cho vay vốn lưu động trả góp');
---MUC DICH VAY---
INSERT INTO MUCDICHVAY VALUES('MD001',N'Phục vụ sản xuất, kinh doanh hoặc dịch vụ');
INSERT INTO MUCDICHVAY VALUES('MD002',N'Mua nhà ở, nền nhà, sửa chữa hoặc xây dựng nhà');
INSERT INTO MUCDICHVAY VALUES('MD003',N'Sinh hoạt tiêu dùng gia đình');
INSERT INTO MUCDICHVAY VALUES('MD004',N'Mua phương tiện vận tải.');
INSERT INTO MUCDICHVAY VALUES('MD005',N'Tài trợ đi du học');
INSERT INTO MUCDICHVAY VALUES('MD006',N'Thực hiện các dịch vụ liên quan đến nhà đất');
INSERT INTO MUCDICHVAY VALUES('MD007',N'Khác');
---HINH THUC DAM BAO---
INSERT INTO HINHTHUCBAODAM VALUES('HT001',N'Thế chấp tài sản');
INSERT INTO HINHTHUCBAODAM VALUES('HT002',N'Cầm cố tài sản');
INSERT INTO HINHTHUCBAODAM VALUES('HT003',N'Nghiệp vụ cho vay theo bảo lãnh');
INSERT INTO HINHTHUCBAODAM VALUES('HT004',N'Bảo đảm tiền vay hình thành bằng tài sản từ vốn vay');
INSERT INTO HINHTHUCBAODAM VALUES('HT005',N'Cho vay không có bảo đảm tài sản');
---THOI HAN VAY---
INSERT INTO THOIHANVAY VALUES('THV01',N'Ngắn hạn');
INSERT INTO THOIHANVAY VALUES('THV02',N'Dài hạn');
INSERT INTO THOIHANVAY VALUES('THV03',N'Trung hạn');
INSERT INTO THOIHANVAY VALUES('THV04',N'Cho vay ưu đãi');
--HINH THUC VAY---
INSERT INTO HINHTHUCVAY VALUES('HTV01',N'Cho vay theo hạn mức tín dụng');
INSERT INTO HINHTHUCVAY VALUES('HTV02',N'Cho vay theo dự án đầu tư');
INSERT INTO HINHTHUCVAY VALUES('HTV03',N'Cho vay hợp vốn');
INSERT INTO HINHTHUCVAY VALUES('HTV04',N'Cho vay trả góp');
INSERT INTO HINHTHUCVAY VALUES('HTV05',N'Cho vay theo hạn mức tín dụng dự phòng');
INSERT INTO HINHTHUCVAY VALUES('HTV06',N'Cho vay thông qua nghiệp vụ phát hành và sử dụng thẻ tín dụng');
INSERT INTO HINHTHUCVAY VALUES('HTV07',N'Cho vay theo hạn mức thấu chi');
---PHONG BAN---
INSERT INTO PHONGBAN VALUES('PB001',N'Giám đốc');
INSERT INTO PHONGBAN VALUES('PB002',N'Phó Giám Đốc');
INSERT INTO PHONGBAN VALUES('PB003',N'Kế Toán');
INSERT INTO PHONGBAN VALUES('PB004',N'Kinh Doanh');
INSERT INTO PHONGBAN VALUES('PB005',N'Hành Chính');
---CHUC VU---
INSERT INTO CHUCVU VALUES('CV001',N'Giám đốc');
INSERT INTO CHUCVU VALUES('CV002',N'Phó giám đốc');
INSERT INTO CHUCVU VALUES('CV003',N'Kế toán trưởng');
INSERT INTO CHUCVU VALUES('CV004',N'Trưởng Phòng Kinh Doanh');
INSERT INTO CHUCVU VALUES('CV005',N'Trưởng Phòng Hành Chính');
INSERT INTO CHUCVU VALUES('CV006',N'Nhân Viên');
---NHAN VIEN--------------------------------------------------------------------------------------------------------------
set dateformat dmy
INSERT INTO NHANVIEN VALUES('NV001',N'Nguyễn Thành Tâm','0','09/03/1970',N'Quận 6, Hồ Chí Minh','PB001','CV001',N'Giám Đốc');
INSERT INTO NHANVIEN VALUES('NV002',N'Nguyễn Văn Tú','1','09/03/1980',N'Quận 5, Hồ Chí Minh','PB002','CV002',N'Phó Giám Đốc');
INSERT INTO NHANVIEN VALUES('NV003',N'Huỳnh Thị Mỹ Ngọc','1','08/12/1985',N'Quận Đống Đa, Hà Nội','PB003','CV003',N'Kế Toán');
INSERT INTO NHANVIEN VALUES('NV004',N'Trần Thị Tố Uyên','1','12/12/1985',N'Quận 10, Hồ Chí Minh','PB004','CV004',N'Trưởng Phòng');
INSERT INTO NHANVIEN VALUES('NV005',N'Lê Thị Liễu','1','10/12/1986',N'Quận 11, Hồ Chí Minh','PB005','CV005',N'Trưởng Phòng');
INSERT INTO NHANVIEN VALUES('NV006',N'Huỳnh Yến Phượng','1','04/08/1992',N'Quận 7, Hồ Chí Minh','PB003','CV006',N'Nhân Viên');
INSERT INTO NHANVIEN VALUES('NV007',N'Nguyễn Minh Nhật','0','02/08/1994',N'Quận 9, Hồ Chí Minh','PB003','CV006',N'Nhân Viên');
INSERT INTO NHANVIEN VALUES('NV008',N'Huỳnh Yến Nhi','0','04/09/1995',N'Quận 10, Hồ Chí Minh','PB003','CV006',N'Nhân Viên');
INSERT INTO NHANVIEN VALUES('NV009',N'Huỳnh Phong','0','04/12/1992',N'Quận 11, Hồ Chí Minh','PB003','CV006',N'Nhân Viên');
---DANG NHAP-------------------------------------------------------------------------------------------------------------
INSERT INTO DANGNHAP VALUES(N'tamnt',N'25f9e794323b453885f5181f1b624d0b','QTC01','NV001');
INSERT INTO DANGNHAP VALUES(N'tunv',N'25f9e794323b453885f5181f1b624d0b','QTC02','NV002');
INSERT INTO DANGNHAP VALUES(N'ngochtm',N'25f9e794323b453885f5181f1b624d0b','QTC02','NV003');
INSERT INTO DANGNHAP VALUES(N'uyenttt',N'25f9e794323b453885f5181f1b624d0b','QTC02','NV004');
INSERT INTO DANGNHAP VALUES(N'lieult',N'25f9e794323b453885f5181f1b624d0b','QTC02','NV005');
INSERT INTO DANGNHAP VALUES(N'phuonghy',N'25f9e794323b453885f5181f1b624d0b','QTC02','NV006');
---LOAI CHUNG TU---------------------------------------------------------
INSERT INTO LOAICHUNGTU VALUES('CT001',N'Phiếu thu');
INSERT INTO LOAICHUNGTU VALUES('CT002',N'Phiếu chi');
---LAI SUAT----------------------------------------------------------------------
INSERT INTO LAISUAT VALUES('LS001','0.5','0.65','Thang',N'Lãi suất theo K/U');
INSERT INTO LAISUAT VALUES('LS002','0.5','0.75','Thang',N'Lãi suất theo K/U');
INSERT INTO LAISUAT VALUES('LS003','0.5','0.91','Thang',N'Lãi suất theo K/U');
INSERT INTO LAISUAT VALUES('LS004','0.5','0.5','Thang',N'Lãi suất theo K/U');
INSERT INTO LAISUAT VALUES('LS005','0.65','1.3','Thang',N'Lãi suất cho vay doanh nghiệp xây dựng nhà');
INSERT INTO LAISUAT VALUES('LS006','0.5','0.65','Thang',N'CV ưu đãi hộ nghèo');
INSERT INTO LAISUAT VALUES('LS007','0.5','0.65','Thang',N'CV lao động nước ngoài');
INSERT INTO LAISUAT VALUES('LS008','0.5','0.65','Thang',N'Lãi suất cho vay HSSV');
INSERT INTO LAISUAT VALUES('LS009','1','1.3','Thang',N'Lãi suất cho vay xuất khẩu lao động');
INSERT INTO LAISUAT VALUES('LS010','0.25','0.33','Thang',N'CV mua nhà trả chậm');
---KHACH HANG_CN--------------------------------------------------------------------
set dateformat dmy
INSERT INTO KHACHHANG_CN VALUES('CN001','NV006',N'Nguyễn Nghĩa','0','01/01/1989',N'273145671','01/02/2007',N'Nghệ An',N'168,Cộng Hòa, TPHCM','TPHCM','Kinh');
INSERT INTO KHACHHANG_CN VALUES('CN002','NV007',N'Võ Thị Bì','1','8/8/1990',N'273145672','9/6/2008','TPHCM',N'Quận9, TPHCM','TPHCM','Kinh');
INSERT INTO KHACHHANG_CN VALUES('CN003','NV008',N'Nguyễn Quang Sáng','0','03/08/1950',N'273145673','08/01/1968',N'Quảng Ngãi',N'Quận Thủ Đức, TPHCM','TPHCM','Tày');
INSERT INTO KHACHHANG_CN VALUES('CN004','NV009',N'Lại Văn Sâm','0','20/02/1987',N'273145674','11/10/2006',N'Thái Bình',N'123 Dĩ An, Bình Dương',N'Bình Dương','Kinh');
INSERT INTO KHACHHANG_CN VALUES('CN005','NV006',N'Lê Phương Vy','1','22/02/1970',N'273145675','07/12/1986',N'BR-VT',N'Kim Long,Châu Đức, BR-VT','BR-VT','Kinh');
INSERT INTO KHACHHANG_CN VALUES('CN006','NV007',N'Ưng Hoàng Phúc','0','23/05/1955',N'273145676','07/08/1969',N'TPHCM',N'87 Nguyễn Trãi,Quận 1, TPHCH','TPHCM','Kinh');
INSERT INTO KHACHHANG_CN VALUES('CN007','NV008',N'Hoàng Hải','0','09/08/1950',N'273145677','19/05/1967',N'Lâm Đồng',N'90 Lí Thường Kiệt,Quận 1, TPHCM','TPHCM','Kinh');
INSERT INTO KHACHHANG_CN VALUES('CN008','NV009',N'Trịnh Công Sơn','0','30/06/1959',N'273145678','09/04/1970',N'Cà Mau',N'Mỏ Cày, Cà Mau',N'Cà Mau','Kinh');
INSERT INTO KHACHHANG_CN VALUES('CN009','NV006',N'Văn thị Vẽ','1','03/08/1950',N'273145679','04/03/1999',N'Đồng Tháp',N'32, Lê Lợi,Quận 9, TPHCM','TPHCM','Kinh');
INSERT INTO KHACHHANG_CN VALUES('CN010','NV007',N'Hứa Văn Lèo','0','19/09/1990',N'273145610','08/11/2010',N'Kiên Giang',N'Ngãi Giao, BR-VT','BR-VT','Kinh');
INSERT INTO KHACHHANG_CN VALUES('CN012','NV008',N'Hồ Huyền Trang','1','12/12/1912','273145611','23/7/1940',N'Quảng Đông',N'234 Xa Lộ Hà Nội, TPHCM','TPHCM','Kinh');
INSERT INTO KHACHHANG_CN VALUES('CN013','NV009',N'Barack Obama','0','13/3/1913','100078392','30/05/1934','New York',N'Hoàn Kiếm, Hà Nội','Hà Nội','Moi');
INSERT INTO KHACHHANG_CN VALUES('CN014','NV006',N'Tô Minh Đức','0','01/08/1981',N'397456922','01/4/1990',N'Đà Nẵng',N'Thanh Khuê, Đà Nẵng',N'Đà Nẵng','Kinh');
INSERT INTO KHACHHANG_CN VALUES('CN015','NV007',N'Nguyễn Du','0','10/01/1910','258932344','10/06/1930','BR-VT',N'100 Xa Lộ Hà Nội, TPHCM','TPHCM','Thái');
---KHEUOCKHACHHANG_CN-------------------------------------------------------------------------------------------------------------------------------------------------------------------------------------
set dateformat dmy
INSERT INTO KHEUOCKHACHHANG_CN VALUES('KU001','CN001','LV02','KT001','CT006',20000000,'3/5/2013',20000000,20000000,'24/05/2013','LS009','MD003','HT003','THV02','NV006','HTV02','1');
INSERT INTO KHEUOCKHACHHANG_CN VALUES('KU002','CN002','LV01','KT002','CT007',60000000,'1/5/2013',60000000,60000000,'01/05/2013','LS005','MD004','HT005','THV01','NV007','HTV05','1');
INSERT INTO KHEUOCKHACHHANG_CN VALUES('KU003','CN003','LV03','KT003','CT006',200400000,'2/6/2013',200000000,200000000,'02/07/2013','LS010','MD005','HT005','THV03','NV008','HTV01','2');
INSERT INTO KHEUOCKHACHHANG_CN VALUES('KU004','CN004','LV11','KT001','CT008',30580000,'23/5/2013',20000000,20000000,'02/10/2013','LS006','MD004','HT001','THV01','NV009','HTV04','2');
INSERT INTO KHEUOCKHACHHANG_CN VALUES('KU005','CN005','LV07','KT002','CT003',20500000,'14/4/2013',20500000,20500000,'02/05/2013','LS009','MD005','HT002','THV02','NV006','HTV02','1');
INSERT INTO KHEUOCKHACHHANG_CN VALUES('KU006','CN006','LV05','KT003','CT004',13340000,'11/3/2013',12000000,12000000,'20/04/2013','LS007','MD003','HT005','THV03','NV007','HTV05','1');
INSERT INTO KHEUOCKHACHHANG_CN VALUES('KU007','CN007','LV04','KT001','CT006',6200000,'14/9/2013',6200000,6200000,'23/12/2013','LS007','MD003','HT005','THV02','NV008','HTV01','2');
INSERT INTO KHEUOCKHACHHANG_CN VALUES('KU008','CN008','LV02','KT002','CT004',100000000,'24/4/2013',100000000,100000000,'02/05/2013','LS008','MD006','HT004','THV01','NV009','HTV01','1');
INSERT INTO KHEUOCKHACHHANG_CN VALUES('KU009','CN009','LV03','KT003','CT006',90900000,'3/3/2013',90900000,90900000,'23/06/2013','LS010','MD003','HT002','THV01','NV006','HTV05','1');
INSERT INTO KHEUOCKHACHHANG_CN VALUES('KU010','CN010','LV04','KT001','CT001',30980000,'12/4/2013',30080000,30080000,'02/05/2013','LS009','MD005','HT005','THV02','NV007','HTV03','2');
--THU NO_CN-----------------------------------------------------------------------------------------------------------------------------------------------------------------------------------------------
set dateformat dmy
INSERT INTO THUNO_CN VALUES ('BT001','15/06/2014','KU001',9000000,'CT001');
INSERT INTO THUNO_CN VALUES ('BT002','07/09/2014','KU002',400000,'CT001');
INSERT INTO THUNO_CN VALUES ('BT003','18/10/2014','KU003',250000,'CT001');
INSERT INTO THUNO_CN VALUES ('BT004','29/6/2014','KU004',3000000,'CT001');
INSERT INTO THUNO_CN VALUES ('BT005','01/12/2014','KU005',3000000,'CT001');
--THU LAI_CN-----------------------------------------------------------------------------------------
set dateformat dmy
INSERT INTO THULAI_CN VALUES('BT001','31/05/2014','KU001',20000000,null,null,'CT001');
INSERT INTO THULAI_CN VALUES('BT002','10/06/2014','KU002',60000000,null,null,'CT001');
INSERT INTO THULAI_CN VALUES('BT003','03/06/2014','KU003',200000000,null,null,'CT001');
INSERT INTO THULAI_CN VALUES('BT004','19/05/2014','KU004',20000000,null,null,'CT001');
INSERT INTO THULAI_CN VALUES('BT005','2/04/2014','KU005',20500000,null,null,'CT001');
---KHACH HANG_DN---
set dateformat dmy
INSERT INTO KHACHHANG_DN VALUES ('DN001','NV006',N'Big C',N'233 Tô Hiến Thành, Quận 10,TPHCM','TPHCM');
INSERT INTO KHACHHANG_DN VALUES ('DN002','NV007',N'Pepsi',N'30 Thành Thái, Quận 10,TPHCM','TPHCM');
INSERT INTO KHACHHANG_DN VALUES ('DN003','NV008',N'Chin-Su',N'145 Quốc lộ 1K, Quận 9,TPHCM','TPHCM');
INSERT INTO KHACHHANG_DN VALUES ('DN004','NV009',N'Maggi',N'45 Lê Hồng Phong, Quận 1,TPHCM','TPHCM');
INSERT INTO KHACHHANG_DN VALUES ('DN005','NV006',N'Hoàng Anh gia Lai',N'Hiệp Bình Chánh, Quận Bình Thạnh,TPHCM','TPHCM');
INSERT INTO KHACHHANG_DN VALUES ('DN006','NV007',N'Xi măng Hà Tiên',N'678 Xa Lộ Hà Nội, Quận Thủ Đức,TPHCM','TPHCM');
INSERT INTO KHACHHANG_DN VALUES ('DN007','NV008','VNG',N'182 Lê Đại Hạnh, Phường 15, Quận 11,TPHCM','TPHCM');
---KHEUOCKHACHHANG_DN-------------------------------------------------------------------------------------------------------------------------------------------------------------------------------------
set dateformat dmy
INSERT INTO KHEUOCKHACHHANG_DN VALUES('KU001','DN001','LV02','KT001','CT006',250000000,'03/05/2014',200000000,200000000,'24/05/2014','LS009','MD001','HT005','THV02','NV006','HTV02',2);
INSERT INTO KHEUOCKHACHHANG_DN VALUES('KU002','DN002','LV01','KT002','CT007',698800000,'01/05/2014',600000000,600000000,'01/05/2014','LS006','MD002','HT001','THV01','NV007','HTV07',2);
INSERT INTO KHEUOCKHACHHANG_DN VALUES('KU003','DN003','LV03','KT003','CT008',209400000,'02/06/2014',2000000000,2000000000,'02/07/2014','LS010','MD006','HT005','THV03','NV008','HTV01',1);
INSERT INTO KHEUOCKHACHHANG_DN VALUES('KU004','DN004','LV02','KT001','CT007',300580000,'23/05/2014',2000000000,2000000000,'02/08/2014','LS003','MD001','HT004','THV01','NV009','HTV03',2);
INSERT INTO KHEUOCKHACHHANG_DN VALUES('KU005','DN005','LV02','KT002','CT006',200500000,'14/04/2014',2005000000,2005000000,'02/05/2014','LS004','MD007','HT005','THV02','NV006','HTV03',1);
INSERT INTO KHEUOCKHACHHANG_DN VALUES('KU006','DN006','LV05','KT003','CT008',13340000,'11/03/2014',120000000,120000000,'20/04/2014','LS007','MD002','HT004','THV03','NV007','HTV02',1);
INSERT INTO KHEUOCKHACHHANG_DN VALUES('KU007','DN007','LV04','KT001','CT008',67200000,'14/09/2013',672000000,672000000,'23/10/2014','LS004','MD007','HT002','THV02','NV008','HTV07',2);
---THU NO_DN-----------------------------------------------------------------------------------------------------------------------------------------------------------------------------------------------
set dateformat dmy
INSERT INTO THUNO_DN VALUES ('BT001','17/06/2015','KU001',90000000,'CT001');
INSERT INTO THUNO_DN VALUES ('BT002','01/12/2015','KU002',100000000,'CT001');
INSERT INTO THUNO_DN VALUES ('BT003','04/09/2015','KU003',55000000,'CT001');
INSERT INTO THUNO_DN VALUES ('BT004','07/06/2015','KU004',90000000,'CT001');
INSERT INTO THUNO_DN VALUES ('BT005','31/08/2015','KU005',29000000,'CT001');
---THU LAI_DN-----------------------------------------------------------------------------------
set dateformat dmy
INSERT INTO THULAI_DN VALUES('BT001','01/05/2014','KU001',200000000,210000,0,'CT001');
INSERT INTO THULAI_DN VALUES('BT002','10/02/2014','KU002',600000000,2200000,0,'CT001');
INSERT INTO THULAI_DN VALUES('BT003','09/12/2013','KU003',2000000000,2300000,0,'CT001');
INSERT INTO THULAI_DN VALUES('BT004','03/10/2012','KU004',2000000000,2400000,0,'CT001');
INSERT INTO THULAI_DN VALUES('BT005','04/06/2014','KU005',80000000,2005000000,0,'CT001');


